リーダブルコード,Dustin Boswell,2011-04-22,プログラミング言語,初級者向け
達人プログラマー,Andrew Hunt,2000-07-28,プログラミング言語,中級者向け
Clean Code アジャイルソフトウェア開発の奥義,Robert C. Martin,2009-08-21,プログラミング言語,中級者向け
Code Complete 第2版,Steve McConnell,2005-08-25,プログラミング言語,中級者向け
リファクタリング:既存のコードを安全に改善する,Martin Fowler,2019-04-23,プログラミング言語,中級者向け
オブジェクト指向における再利用のためのデザインパターン,Erich Gamma他,1999-12-01,アーキテクチャ,上級者向け
独習Python,山田 祥寛,2020-09-23,プログラミング言語,初級者向け
JavaScript Primer 迷わないための入門,azu,2020-09-24,プログラミング言語,初級者向け
Webを支える技術 -HTTP、URI、HTML、そしてREST,山本 陽平,2010-04-22,アーキテクチャ,中級者向け
SRE サイトリライアビリティエンジニアリング,Betty Zhou他,2017-09-29,その他,中級者向け
図解即戦力 Kubernetes,大澤 茂,2021-04-16,クラウド,初級者向け
SQLアンチパターン,Bill Karwin,2013-10-26,データベース,中級者向け
達人に学ぶSQL徹底指南書,ミック,2012-03-10,データベース,中級者向け
ネットワークスペシャリスト合格教本,岡嶋 裕史,2024-02-09,その他,中級者向け
マスタリングTCP-IP 入門編,村山 公保,2019-04-26,その他,初級者向け
プロになるためのWeb技術入門,こもり まさあき,2010-05-19,その他,初級者向け
詳解システム・パフォーマンス,Brendan Gregg,2014-11-08,その他,上級者向け
Go言語による並行処理,Katherine Cox-Buday,2015-12-24,プログラミング言語,上級者向け
Docker実践ガイド,古庄 敏宏,2021-02-12,クラウド,中級者向け
AWS認定ソリューションアーキテクト-アソシエイト,山下 光洋,2023-07-20,クラウド,初級者向け
Pythonによるデータ分析入門,Wes McKinney,2018-06-15,プログラミング言語,中級者向け
機械学習図鑑,秋庭 鉄也,2020-08-20,その他,初級者向け
ゼロから作るDeep Learning,斎藤 康毅,2016-09-24,その他,中級者向け
スクラムガイド,Ken Schwaber,2020-11-18,その他,初級者向け
アジャイルサムライ,Jonathan Rasmusson,2011-07-02,その他,中級者向け
テスト駆動開発,Kent Beck,2017-08-26,テスト,中級者向け
Clean Architecture 達人に学ぶソフトウェアの構造と設計,Robert C. Martin,2018-10-19,アーキテクチャ,上級者向け
SQL 第2版 ゼロからはじめるデータベース操作,名著出版,2022-01-26,データベース,初級者向け
ふつうのLinuxプログラミング,内田 融,2010-12-17,プログラミング言語,中級者向け
Effective Java 第3版,Joshua Bloch,2018-06-21,プログラミング言語,上級者向け
プログラミングTypeScript,Eric Elliott,2020-08-04,プログラミング言語,中級者向け
モダンJavaScriptの基本から始めるReact実践の教科書,古賀 聡,2023-02-16,プログラミング言語,中級者向け
詳解UNIXプログラミング 第3版,W. Richard Stevens他,2016-09-23,プログラミング言語,上級者向け
Go言語によるWebアプリケーション開発,真島 潤,2015-12-01,プログラミング言語,中級者向け
達人プログラマー 20周年記念版,David Thomas,2020-01-22,プログラミング言語,中級者向け
モダンC++入門,坂本 邦夫,2021-09-28,プログラミング言語,初級者向け
PythonではじめるKaggleスタートブック,門脇 輝一,2021-03-24,その他,中級者向け
実践Rust入門,吉川 賢人,2019-04-25,プログラミング言語,中級者向け
Web API: The Good Parts,山本 陽平,2013-09-20,アーキテクチャ,中級者向け
詳解Apache Kafka,Neha Narkhede他,2019-03-26,アーキテクチャ,上級者向け
Kubernetes実践入門,青木 俊介,2020-03-17,クラウド,中級者向け
Google Cloud認定資格対策 GCPの教科書,中嶋 拓真,2023-09-22,クラウド,初級者向け
セキュリティプロフェッショナルの教科書,徳丸 浩,2012-10-25,セキュリティ,中級者向け
Webを支えるインフラ技術,染谷 健太郎,2019-03-27,その他,中級者向け
達人に学ぶデータ分析の極意,西村 直人,2019-06-20,データベース,中級者向け
Oracle PL-SQL徹底入門,ミック,2018-12-06,データベース,中級者向け
SQL実践入門,ミック,2017-04-25,データベース,中級者向け
いちばんよくわかるPython入門,掌田 津耶乃,2022-09-26,プログラミング言語,初級者向け
独習JavaScript,山田 祥寛,2021-03-10,プログラミング言語,初級者向け
これからはじめるWebデザインの教科書,森 和恵,2023-07-28,その他,初級者向け
エンジニアのためのマネジメント入門,広木 大地,2019-11-15,その他,中級者向け
失敗から学ぶRDBの正しい歩き方,とみぞう,2019-07-25,データベース,中級者向け
システム設計の面接試験,Alex Xu,2023-04-25,アーキテクチャ,上級者向け
WebAssembly実践入門,小島 優介,2020-06-16,プログラミング言語,上級者向け
詳解Go言語Web開発,上野 宣,2022-06-24,プログラミング言語,中級者向け
TypeScriptとReactによるフロントエンド開発,池田 泰延,2021-11-26,プログラミング言語,中級者向け
Pythonで学ぶデータサイエンスの教科書,竹村 詠美,2022-03-24,その他,初級者向け
実践的データ基盤構築入門,西田 隆一,2021-11-25,データベース,上級者向け
マイクロサービスアーキテクチャ,Sam Newman,2016-09-22,アーキテクチャ,上級者向け
モノリスからマイクロサービスへ,Sam Newman,2019-06-25,アーキテクチャ,上級者向け
詳解システム開発プロジェクトの実行と管理,石川 善太郎,2020-08-20,その他,中級者向け
チームトポロジー,Matthew Skelton,2020-11-27,その他,中級者向け
達人に学ぶソフトウェアテスト,岡部 哲也,2017-07-28,テスト,中級者向け
アジャイルテスト,Lisa Crispin,2010-05-26,テスト,中級者向け
入門Google Cloud Platform,谷口 慎太郎,2019-03-01,クラウド,初級者向け
AWSの薄い本,よしはら もとふみ,2023-08-17,クラウド,初級者向け
詳解Kubernetes,上野 宣,2022-10-26,クラウド,中級者向け
データベース実践入門,ミック,2019-06-27,データベース,初級者向け
SQLではじめるデータベースの基本,羽田野 太巳,2023-07-19,データベース,初級者向け
ゼロから学ぶデータベース,佐々木 達彦,2020-11-27,データベース,初級者向け
SQLパフォーマンス詳解,林 健太郎,2017-03-25,データベース,上級者向け
ネットワークはなぜつながるのか 第2版,戸根 勤,2007-04-27,その他,初級者向け
図解即戦力 暗号と認証のしくみと理論がこれ1冊でしっかりわかる本,茂田 佳史,2022-06-23,セキュリティ,初級者向け
ハッキング・ラボのつくりかた,松本 隆,2018-07-27,セキュリティ,中級者向け
脆弱性診断スタートガイド,徳丸 浩,2020-10-29,セキュリティ,中級者向け
プログラマ脳を鍛える数学パズル,増井 敏克,2015-09-29,その他,初級者向け
アルゴリズム図鑑,石田 ひかり,2017-09-28,その他,初級者向け
実践ソフトウェアエンジニアリング,Roger S. Pressman,2014-03-28,その他,中級者向け
ソフトウェアアーキテクチャの基礎,Neal Ford,2021-04-23,アーキテクチャ,上級者向け
Webアプリケーション開発におけるシステム設計,牧野 慎吾,2020-05-20,アーキテクチャ,中級者向け
レガシーコード改善ガイド,Michael C. Feathers,2011-02-09,プログラミング言語,中級者向け
Head First デザインパターン,Elisabeth Freeman他,2005-12-10,アーキテクチャ,中級者向け
ゼロから作るDeep Learning 2,斎藤 康毅,2018-07-25,その他,中級者向け
機械学習エンジニアのためのKaggle実践ガイド,小澤 宣人,2022-02-24,その他,中級者向け
Docker-Kubernetes実践コンテナ開発,手島 拓也,2022-07-22,クラウド,中級者向け
Effective Python,Brett Slatkin,2016-09-24,プログラミング言語,中級者向け
プログラマのためのSQL,ミクロシ,2020-07-09,データベース,中級者向け
世界で闘うプログラミング力を鍛える本,上野 宣,2015-06-26,プログラミング言語,中級者向け
GitHub実践入門,大塚 弘記,2019-03-25,その他,初級者向け
HTTPの教科書,小池 邦人,2017-04-14,その他,初級者向け
Web開発者のためのセキュリティ対策入門,徳丸 浩,2021-06-24,セキュリティ,初級者向け
達人が教えるWebパフォーマンスチューニング,三好 雅人,2018-04-20,その他,上級者向け
Amazon Web Services実践入門,大瀧 隆太,2020-05-26,クラウド,中級者向け
Ansible実践ガイド,古庄 敏宏,2019-09-20,その他,中級者向け
みんなのGo言語,中野 寛,2019-02-25,プログラミング言語,初級者向け
JavaScript本格入門,山田 祥寛,2022-03-24,プログラミング言語,中級者向け
Webエンジニアの教科書,小林 篤,2021-04-23,その他,初級者向け
データベースリファクタリング,Scott Ambler,2007-07-28,データベース,中級者向け
Pythonによるスクレイピング&機械学習,清水川 貴之,2019-04-25,プログラミング言語,中級者向け
ゼロから作るDeep Learning 3,斎藤 康毅,2019-08-24,その他,上級者向け
